{
    "timestamp": "2026-02-20T07:26:51.231884+00:00",
    "total_predictions": 2,
    "avg_probability": 0.0835477998266078,
    "std_probability": 0.0,
    "min_probability": 0.0835477998266078,
    "max_probability": 0.0835477998266078,
    "high_risk_ratio": 0.0,
    "low_risk_ratio": 1.0
}