{
  "candidates": {
    "logistic_regression": {
      "accuracy": 0.9226401703335699,
      "precision": 0.2777777777777778,
      "recall": 0.10752688172043011,
      "f1_score": 0.15503875968992248,
      "roc_auc": 0.8225479622185181,
      "pr_auc": 0.22453702005715698
    },
    "random_forest": {
      "accuracy": 0.9339957416607523,
      "precision": 0.5,
      "recall": 0.07526881720430108,
      "f1_score": 0.1308411214953271,
      "roc_auc": 0.8323528450501683,
      "pr_auc": 0.28252859008774633
    },
    "gradient_boosting": {
      "accuracy": 0.92902767920511,
      "precision": 0.34782608695652173,
      "recall": 0.08602150537634409,
      "f1_score": 0.13793103448275862,
      "roc_auc": 0.8437837042847338,
      "pr_auc": 0.26209888849180935
    }
  },
  "winner": "gradient_boosting"
}